,Date-Time,Lattitude,Longitude,Depth,Mag,Location
0,31 May 2018 - 11:44 PM,04.02,126.50,039,4.7,194 km S 36° E of Sarangani (Davao Occidental)
1,31 May 2018 - 11:27 PM,17.38,121.83,024,2.5,006 km S 67° E of Santo Tomas (Isabela)
2,31 May 2018 - 11:22 PM,06.18,126.35,001,2.7,060 km S 31° E of Governor Generoso (Davao Oriental)
3,31 May 2018 - 11:19 PM,15.07,120.01,018,2.0,007 km N 84° W of San Felipe (Zambales)
4,31 May 2018 - 09:56 PM,12.90,124.33,031,2.1,021 km N 79° E of Barcelona (Sorsogon)
5,31 May 2018 - 08:53 PM,10.07,123.66,025,2.2,005 km S 28° E of Carcar (Cebu)
6,31 May 2018 - 06:46 PM,15.73,121.62,024,2.0,007 km S 63° E of Baler (Aurora)
7,31 May 2018 - 04:29 PM,17.94,120.47,001,2.5,008 km N 09° E of Sinait (Ilocos Sur)
8,31 May 2018 - 10:50 AM,09.85,126.35,023,2.5,023 km N 70° E of General Luna (Surigao Del Norte)
9,31 May 2018 - 08:14 AM,13.98,120.34,009,2.4,028 km S 79° W of Mamburao (Occidental Mindoro)
10,31 May 2018 - 08:05 AM,10.60,125.00,002,2.5,004 km S 77° E of Mahaplag (Leyte)
11,31 May 2018 - 05:05 AM,09.04,125.77,022,2.4,021 km S 84° E of Remedios Romualdez (Agusan Del Norte)
12,31 May 2018 - 03:15 AM,08.19,126.89,032,2.3,056 km N 72° E of Lingig (Surigao Del Sur)
13,31 May 2018 - 02:51 AM,13.67,121.42,019,2.1,023 km N 84° E of Lobo (Batangas)
14,31 May 2018 - 02:29 AM,05.46,124.93,020,2.7,045 km S 12° W of Maasim (Sarangani)
15,31 May 2018 - 02:01 AM,06.31,125.45,060,2.2,031 km N 38° E of Alabel (Sarangani)
16,31 May 2018 - 12:48 AM,17.33,121.83,033,2.4,015 km N 15° W of Ilagan (Isabela)
17,30 May 2018 - 10:55 PM,09.42,123.05,006,2.6,011 km S 39° W of Pamplona (Negros Oriental)
18,30 May 2018 - 10:50 PM,05.47,125.52,022,2.5,007 km N 49° E of Sarangani (Davao Occidental)
19,30 May 2018 - 08:55 PM,20.85,121.85,032,2.1,006 km N 08° E of Itbayat (Batanes)
20,30 May 2018 - 08:31 PM,09.15,126.70,014,3.6,050km N 66° E of Bayabas (Surigao Del Sur)
21,30 May 2018 - 06:46 PM,18.07,120.52,026,4.2,001 km N 06° E of Paoay (Ilocos Norte)
22,30 May 2018 - 06:23 PM,18.05,120.87,066,2.3,011 km S 61° E of Solsona (Ilocos Norte)
23,30 May 2018 - 05:29 PM,14.22,124.25,003,2.4,021 km N 27° E of Pandan (Catanduanes)
24,30 May 2018 - 04:18 PM,10.30,126.08,018,2.8,031 km N 01° E of Burgos (Surigao Del Norte)
25,30 May 2018 - 02:59 PM,08.80,122.09,011,2.7,090 km S 42° W of Basay (Negros Oriental)
26,30 May 2018 - 02:20 PM,11.24,125.71,057,3.0,012 km N 29° E of S (Eastern Samar)
27,30 May 2018 - 01:53 PM,14.00,120.32,060,2.0,027 km N 54° E of Nasugbu (Batangas)
28,30 May 2018 - 11:10 AM,10.11,126.09,013,3.2,011 km N 09° E of Burgos (Surigao Del Norte)
29,30 May 2018 - 10:57 AM,13.94,120.34,075,3.2,026 km N 23° E of Lubang (Occidental Mindoro)
30,30 May 2018 - 10:15 AM,09.14,126.04,128,2.1,010 km S 18° E of Carmen (Surigao Del Sur)
31,30 May 2018 - 06:59 AM,07.57,123.54,009,3.4,023 km S 74° E of Dinas (Zamboanga Del Sur)
32,30 May 2018 - 06:58 AM,06.82,126.19,041,2.4,013 km S 76° E of San Isidro (Davao Oriental)
33,30 May 2018 - 06:35 AM,13.79,120.57,013,2.0,009 km S 55° W of Calatagan (Batangas)
34,30 May 2018 - 03:37 AM,05.29,126.28,112,2.4,091 km S 80° E of Saranggani (Davao Occidental)
35,29 May 2018 - 11:17 PM,04.69,127.91,031,3.5,282 km S 73° E of Saranggani (Davao Occidental)
36,29 May 2018 - 11:05 PM,14.53,119.06,033,2.0,120 km S 67° W of San Antonio (Zambales)
37,29 May 2018 - 10:49 PM,13.71,120.43,036,2.6,020 km S 85° E of Looc (Occidental Mindoro)
38,29 May 2018 - 08:54 PM,10.21,125.99,026,2.2,022 km N 14° W of Santa Monica (Sapao) (Surigao Del Norte)
39,29 May 2018 - 08:49 PM,19.40,120.41,076,3.2,102 km N 14° W of Burgos (Ilocos Norte)
40,29 May 2018 - 08:18 PM,07.62,125.33,006,3.0,028 km S 62° E of Quezon (Bukidnon)
41,29 May 2018 - 04:45 PM,09.43,126.36,002,2.7,026 km N 48° E of Cortes (Surigao Del Sur)
42,29 May 2018 - 11:24 AM,10.69,125.23,154,3.4,019 km N 24° E of Silago (Southern Leyte)
43,29 May 2018 - 06:36 AM,13.56,120.74,125,2.3,013 km N 03° E of Abra de Ilog (Occidental Mindoro)
44,29 May 2018 - 06:24 AM,16.19,122.08,040,2.0,011 km S 27° W of Casiguran (Aurora)
45,29 May 2018 - 01:48 AM,11.51,124.40,005,2.4,006 km S 03° E of Naval (Biliran)
46,29 May 2018 - 01:11 AM,15.04,119.91,019,2.9,018  km S 81° W of San Felipe (Zambales)
47,28 May 2018 - 10:54 PM,18.99,121.76,003,2.0,045  km S 44° E of Calayan (Cagayan)
48,28 May 2018 - 10:44 PM,10.67,125.33,003,2.7,025  km N 50° E of Silago (Southern Leyte)
49,28 May 2018 - 10:41 PM,08.87,126.64,016,2.3,038  km S 81° E of Cagwait  (Surigao Del Sur)
50,28 May 2018 - 09:38 PM,13.58,121.17,023,2.1,009  km S 32° W of Lobo (Batangas)
51,28 May 2018 - 08:06 PM,08.69,126.78,025,2.5,055  km S 77° E of Marihatag (Surigao del Sur)
52,28 May 2018 - 06:14 PM,05.95,125.58,041,3.1,008  km N 32° W of Jose Abad Santos (Davao Occidental)
53,28 May 2018 - 06:09 PM,05.27,126.47,041,2.6,112 km S 80° E of Sarangani (Davao Occidental)
54,28 May 2018 - 05:49 PM,06.02,126.12,096,2.8,058 km N 75° E of Jose Abad Santos (Davao Occidental)
55,28 May 2018 - 04:57 PM,15.96 ,120.10,029,2.1,012 km S 05° E of Sual (Pangasinan)
56,28 May 2018 - 01:57 PM,15.06,119.96,019,2.1,012 km S 88° W of San Felipe (Zambales)
57,28 May 2018 - 01:05 PM,06.74,125.90,021,2.5,021 km S 35° W of Lupon (Davao Oriental)
58,28 May 2018 - 10:42 AM,05.30,126.50,060,3.1,115 km S 82° E of Saranggani (Davao Occidental)
59,28 May 2018 - 09:06 AM,07.01,125.35,033,1.8,026 km N 04° W of Digos City (Davao Del Sur)
60,28 May 2018 - 06:12 AM,11.11,124.68,003,3.0,014 km N 32° E of Ormoc City (Leyte)
61,28 May 2018 - 04:03 AM,17.37,120.18,021,2.5,028 km N 81° W of San Esteban (Ilocos Sur)
62,28 May 2018 - 03:36 AM,10.92,124.23,026,2.7,022 km S 83° E of Tabogon (Cebu)
63,28 May 2018 - 12:00 AM,19.08,121.26,013,3.0,031 km S 44° W of Calayan (Cagayan)
64,27 May 2018 - 11:17 PM,19.17,121.27,030,2.4,024 km S 60° W of Calayan (Cagayan)
65,27 May 2018 - 11:06 PM,06.28,126.22,117,2.7,044 km S 21° E of Governor Generoso (Davao Oriental)
66,27 May 2018 - 10:40 PM,10.90,125.62,039,4.0,019 km S 38° W of Guiuan (Eastern Samar)
67,27 May 2018 - 07:45 PM,10.28,126.02,031,2.6,027 km N 07° W of Santa Monica (Sapao) (Surigao Del Norte)
68,27 May 2018 - 07:38 PM,20.12,121.50,024,2.9,046 km S 58° W of Sabtang (Batanes)
69,27 May 2018 - 05:37 PM,13.65,120.98,033,2.1,012 km S 23° E of Mabini (Batangas)
70,27 May 2018 - 04:09 PM,08.85,122.92,020,2.4,040 km N 27° W of Manukan (Zamboanga del Norte)
71,27 May 2018 - 11:36 AM,11.49,125.90,025,2.9,015 km N 60° E of Hernani (Eastern Samar)
72,27 May 2018 - 11:25 AM,15.71,119.98,002,1.9,009 km S 51° E of Santa Cruz(Zambales)
73,27 May 2018 - 10:20 AM,11.26,124.61,003,3.7,005 km S 40° W of Capoocan (Leyte)
74,27 May 2018 - 10:06 AM,20.14,121.17,059,2.0,027 km S 39° W of Sabtang (Batanes)
75,27 May 2018 - 07:40 AM,13.04,124.59,002,3.0,043 km S 88° E of Prieto Diaz (Sorsogon)
76,27 May 2018 - 04:31 AM,06.80,124.10,001,2.3,002 km S 03° E of South Upi (Maguindanao)
77,27 May 2018 - 04:00 AM,08.85,125.78,006,2.7,009 km N 68° E of Sibagat (Agusan Del Sur)
78,27 May 2018 - 03:30 AM,04.94,125.80,117,2.7,065 km S 34° E of Sarangani (Davao Occidental)
79,27 May 2018 - 01:21 AM,13.85,120.54,187,2.0,010 km N 78° W of Calatagan (Batangas)
80,26 May 2018 - 11:12 PM,20.20,121.39,027,2.3,052 km S 73° W of Sabtang (Batanes)
81,26 May 2018 - 10:35 PM,10.97,124.67,009,2.4,007 km N 26° W of Albuera (Leyte)
82,26 May 2018 - 10:19 PM,09.73,126.04,010,2.8,003 km S 25° W of Dapa (Dinagat)
83,26 May 2018 - 08:36 PM,16.29,122.23,014,2.4,015 km N 83° E of Casiguran (Aurora)
84,26 May 2018 - 08:27 PM,06.15,125.36,064,4.2,012 km N 54° E of Alabel (Sarangani)
85,26 May 2018 - 08:26 PM,16.13,122.02,016,2.1,006 km S 82° E of Dinalungan (Aurora)
86,26 May 2018 - 07:55 PM,18.35,120.70,032,2.1,009 km N 79° E of Pasuquin (Ilocos Norte)
87,26 May 2018 - 02:42 PM,19.10,121.19,027,2.5,035 km S 55° W of Calayan (Cagayan)
88,26 May 2018 - 11:25 AM,18.47,120.93,014,2.5,002 km N 59° E of Adams (Ilocos Norte)
89,26 May 2018 - 10:43 AM,08.99,126.26,042,2.1,004 km N 55° W of Bayabas (Surigao Del Sur)
90,26 May 2018 - 09:50 AM,09.96,126.30,024,2.1,023 km N 83° E of San Isidro (Surigao Del Norte)
91,26 May 2018 - 09:49 AM,09.83,126.20,020,2.0,011 km S 69° E of Pilar (Surigao Del Norte)
92,26 May 2018 - 08:57 AM,09.96,126.27,008,3.4,021 km N 61° E of Pilar (Surigao Del Norte)
93,26 May 2018 - 08:44 AM,11.65,125.88,018,2.6,046 km N 38° E of Hernani (Eastern Samar)
94,26 May 2018 - 03:19 AM,09.51,123.26,009,2.6,023 km N 05° W of Dumaguete City
95,26 May 2018 - 12:44 AM,13.745,120.57,066,2.0,012 km S 34° W of Calatagan (Batangas)
96,26 May 2018 - 12:10 AM,09.20,126.62,005,3.1,039 km N 68° E of Bayabas (Surigao del Sur)
97,25 May 2018 - 11:23 PM,15.108,119.12,021,3.6,093 km S 65° W of Palauig (Zambales)
98,25 May 2018 - 11:15 PM,19.73,121.67,027,3.4,054 km N 24° E of Calayan (Cagayan)
99,25 May 2018 - 09:57 PM,13.64,120.62,185,2.6,027 km S 85° W of Tingloy (Batangas)
100,25 May 2018 - 07:57 PM,05.64,126.31,001,2.8,081 km S 71° E of Jose Abad Santos (Davao Occidental)
101,25 May 2018 - 07:38 PM,14.85,119.84,033,2.1,029 km S 69° W of San Antonio (Zambales)
102,25 May 2018 - 09:08 AM,05.46,126.21,082,3.6,082 km N 88° E of Sarangani (Davao Occidental)
103,25 May 2018 - 08:47 AM,16.15,119.84,024,3.7,005 km S 34° W of Bani (Pangasinan)
104,25 May 2018 - 06:53 AM,09.61,126.19,033,2.5,020 km S 10° E of General Luna (Surigao Del Norte)
105,25 May 2018 - 01:48 AM,06.83,125.70,018,2.6,027 km S 22° E of Davao City (Davao Del Sur)
106,24 May 2018 - 11:16 PM,18.12,120.45,013,3.0,012 km N 16° W of Currimao (Ilocos Norte)
107,24 May 2018 - 11:05 PM,11.96,124.06,002,3.3,008 km N 22° E of Pio V. Corpuz (Limbuhan)(Masbate)
108,24 May 2018 - 10:27 PM,08.24,124.44,031,2.3,023 km S 61° E of Lugait (Misamis Oriental)
109,24 May 2018 - 10:15 PM,11.99,124.16,027,2.9,031 km N 41° W of Maripipi (Biliran)
110,24 May 2018 - 09:06 PM,10.14,126.18,017,2.6,018 km N 40° E of Burgos (Surigao Del Norte)
111,24 May 2018 - 07:47 PM,08.50,125.74,061,2.9,008 km N 41° W of Talacogon (Agusan Del Sur)
112,24 May 2018 - 05:53 PM,08.47,125.74,060,3.5,005 km N 63° W of Talacogon (Agusan Del Sur)
113,24 May 2018 - 05:07 PM,12.93,124.64,023,2.0,006 km N 47° E of Biri (Northern Samar)
114,24 May 2018 - 03:56 PM,09.82,124.00,030,2.3,008 km N 24° E of Balilihan (Bohol)
115,24 May 2018 - 03:12 PM,10.94,124.83,017,2.4,015 km N 82° W of Albuera (Leyte)
116,24 May 2018 - 11:19 AM,12.29,120.39,024,2.2,054 km N 76° E of Busuanga (Palawan)
117,24 May 2018 - 07:31 AM,15.16,119.98,024,2.2,008 km N 88° W of Cabangan (Zambales)
118,24 May 2018 - 07:05 AM,09.67,122.34,077,2.5,013 km S 38° W of Sipalay (Negros Occidental)
119,24 May 2018 - 06:40 AM,15.16,119.90,029,2.1,017 km N 89° W of Cabangan (Zambales)
120,24 May 2018 - 01:18 AM,07.21,123.44,038,2.5,027 km S 06° E of Tabina (Zamboanga Del Sur)
121,23 May 2018 - 11:08 PM,13.39,120.08,022,2.0,041 km S 26° W of Looc (Occidental Mindoro)
122,23 May 2018 - 09:11 PM,13.23,120.46,001,2.3,014 km N 89° W of Mamburao (Occidental Mindoro)
123,23 May 2018 - 07:01 PM,13.61,120.50,118,2.0,022 km N 08° E of Paluan (Occidental Mindoro)
124,23 May 2018 - 04:58 PM,09.92,126.10,003,2.7,011 km S 15° E of Burgos (Surigao Del Norte)
125,23 May 2018 - 04:52 PM,14.32,124.36,001,2.4,037 km N 34° E of Pandan (Catanduanes)
126,23 May 2018 - 02:03 PM,08.94,124.11,017,2.3,050 km N 41° W of Gitagum (Misamis Oriental)
127,23 May 2018 - 01:30 PM,05.96,126.26,130,2.6,068 km S 68° E of Don Marcelino (Davao Occidental)
128,23 May 2018 - 12:22 PM,13.36,124.89,007,2.0,066 km S 59° E of Baras (Catanduanes)
129,23 May 2018 - 10:14 AM,06.08,125.84,114,3.1,021 km S 50° E of Don Marcelino (Davao Occidental)
130,23 May 2018 - 10:02 AM,15.64,119.91,023,2.0,003 km N 46° W of Candelaria (Zambales)
131,23 May 2018 - 08:36 AM,07.17,125.57,028,2.6,012 km N 22° W of Davao City (Davao Del Sur)
132,23 May 2018 - 06:57 AM,14.31,124.32,001,2.8,034 km N 30° E of Pandan (Catanduanes)
133,23 May 2018 - 02:30 AM,11.11,124.62,021,2.3,012 km N 04° W of Ormoc City (Leyte)
134,22 May 2018 - 10:54 PM,12.41,120.67,031,2.7,034 km S 81° W of Rizal (Occidental Mindoro)
135,22 May 2018 - 10:04 PM,13.18,121.12,018,3.5,018 km S 84° W of Victoria (Oriental Mindoro)
136,22 May 2018 - 08:55 PM,05.18,126.27,076,3.4,092 km S 72° E of Sarangani (Davao Occidental)
137,22 May 2018 - 05:52 PM,10.09,126.07,011,3.0,009 km N 24° E of Santa Monica (Sapao) (Surigao Del Norte)
138,22 May 2018 - 05:03 PM,09.87,124.42,035,2.3,010 km N 67° E of Pilar (Bohol)
139,22 May 2018 - 12:30 PM,12.38,123.68,011,2.3,011 km S 65° W of Batuan (Masbate)
140,22 May 2018 - 10:53 AM,14.54,124.08,006,2.1,055 km N 10° W of Pandan (Catanduanes)
141,22 May 2018 - 10:16 AM,07.15,125.27,073,2.4,015 km S 61° E of Arakan (North Cotabato)
142,22 May 2018 - 08:04 AM,05.54,126.94,004,2.6,152 km S 75° E of Jose Abad Santos (Davao Occidental)
143,22 May 2018 - 07:55 AM,15.38,120.52,132,2.2,008 km S 39° W of San Jose (Tarlac)
144,22 May 2018 - 07:31 AM,07.14,125.71,001,2.1,002 km N 52° E of Babak (Davao Del Norte)
145,22 May 2018 - 06:38 AM,17.14,121.51,018,2.3,011 km N 79° W of Roxas (Isabela)
146,22 May 2018 - 06:12 AM,10.17,125.65,029,1.9,013 km S 79° E of Libjo (Albor) (Surigao del Norte)
147,22 May 2018 - 04:51 AM,11.82,124.15,003,2.3,014 km N 43° E of Esperanza (Masbate)
148,22 May 2018 - 03:46 AM,13.89,120.84,034,1.8,005 km S 26° E of Calaca (Batangas)
149,22 May 2018 - 03:19 AM,20.13,120.92,132,2.4,102 km S 77° W of Sabtang (Batanes)
150,22 May 2018 - 02:26 AM,15.68,119.79,031,2.1,016 km N 69° W of Candelaria (Zambales)
151,22 May 2018 - 02:19 AM,13.65,120.98,018,1.7,012 km S 23° E of Mabini (Batangas)
152,22 May 2018 - 01:38 AM,16.59,119.94,057,2.0,023 km N 12° E of Bolinao (Pangasinan)
153,22 May 2018 - 01:00 AM,10.51,122.29,001,2.8,016 km S 21° E of Miagao (Iloilo)
154,22 May 2018 - 12:37 AM,17.23,120.03,022,2.5,045 km N 85° W of Candon City (Ilocos Sur)
155,22 May 2018 - 12:24 AM,06.67,126.87,020,3.2,063 km S 49° E of Tarragona (Davao Oriental)
156,21 May 2018 - 11:59 PM,06.63,126.93,024,4.3,078 km S 34° E of Manay (Davao Oriental)
157,21 May 2018 - 10:44 PM,06.27,126.22,027,2.8,029 km S 01° E of Governor Generoso (Davao Oriental)
158,21 May 2018 - 08:18 PM,17.26,120.03,015,3.4,045 km N 80° W of Candon City (Ilocos Sur)
159,21 May 2018 - 03:50 PM,08.10,126.19,009,2.9,033 km S 27° W of Hinatuan (Surigao Del Sur)
160,21 May 2018 - 02:47 PM,13.41,121.53,027,2.4,027 km n 69° E of Naujan (Oriental Mindoro)
161,21 May 2018 - 08:55 AM,09.29,126.51,011,2.8,035 km N 88° E of Cortes (Surigao Del Sur)
162,21 May 2018 - 07:41 AM,14.68,119.01,028,2.0,120 km S 76° W of San Antonio (Zambales)
163,21 May 2018 - 06:26 AM,09.93,126.12,14,3.5,004 km S 79° E of San Isidro (Surigao Del Norte)
164,21 May 2018 - 05:48 AM,09.95,126.11,012,3.0,003 km N 60° E of San Isidro (Surigao Del Norte)
165,21 May 2018 - 05:27 AM,10.42,125.18,001,2.2,018 km N 30° W of Anahawan (Southern Leyte)
166,21 May 2018 - 04:37 AM,13.67,120.85,029,2.2,003 km N 58° W of Tingloy (Batangas)
167,21 May 2018 - 04:11 AM,13.52,120.28,031,1.7,024 km N 59° W of Paluan (Occidental Mindoro)
168,21 May 2018 - 03:08 AM,13.77,120.57,091,1.5,009 km S 46° W of Calatagan (Batangas)
169,21 May 2018 - 02:38 AM,06.90,126.30,031,3.1,011 km S 56° E of Mati (Davao Oriental)
170,21 May 2018 - 01:21 AM,06.59,125.74,139,2.9,024 km N 35° E of Malita (Davao Occidental)
171,21 May 2018 - 01:14 AM,09.25,120.00,029,2.4,004 km S 72 °E of Madrid (Surigao del Sur)
172,20 May 2018 - 11:13 PM,10.43,126.04,011,2.5,045 km North 00° of Santa Monica (Sapao) (Surigao del Norte)
173,20 May 2018 - 11:04 PM,05.44,124.94,018,2.2,047 km S 09° W of Maasim (Sarangani)
174,20 May 2018 - 09:18 PM,08.41,125.99,140,2.6,004 km N 21° W of Rosario (Agusan Del Sur)
175,20May 2018 - 09:07 PM,05.76,126.37,0667,3.5,085 km S 81° E of Jose Abad Santos (Davao Occidental)
176,20 May 2018 - 08:54 PM,14.36,123.51,047,2.9,048 km N 35° E of Siruma (Camarines Sur)
177,20 May 2018 - 08:22 PM,13.68,120.61,114,2.6,017 km S 08° W of Calatagan (Batangas)
178,20 May 2018 - 03:28 PM,05.61,127.31,077,3.4,178 km S 50° E of Governor Generoso (Davao Oriental)
179,20 May 2018 - 01:53 PM,09.92,124.19,030,2.2,005 km S 46° W of Danao (Bohol)
180,20 May 2018 - 01:17 PM,12.69,123.23,007,2.5,023 km S 05° W of Claveria (Masbate)
181,20 May 2018 - 12:13 PM,16.55,120.51,001,2.4,007 km N 64° E of Burgos (La Union)
182,20 May 2018 - 11:27 AM,09.79,126.54,011,3.1,042 km N 89° E of General Luna (Surigao Del Norte)
183,20 May 2018 - 10:50 AM,07.69,124.78,016,3.1,006 km N 33° E of Wao (Lanao Del Sur)
184,20 May 2018 - 10:21 AM,07.65,124.80,009,4.2,005 km N 85° E of Wao (Lanao Del Sur)
185,20 May 2018 - 08:42 AM,14.46,120.34,069,2.1,032 km N 74° W of Nasugbu (Batangas)
186,20 May 2018 - 08:20 AM,07.71,124.78,001,2.8,008 km N 25° E of Wao (Lanao Del Sur)
187,20 May 2018 - 04:40 AM,14.27,120.25,066,2.1,031 km S 54° W of Mariveles (Bataan)
188,20 May 2018 - 02:25 AM,08.94,123.01,016,1.8,015 km S 10° W of Siaton (Negros Oriental)
189,20 May 2018 - 01:51 AM,14.53,123.94,001,2.0,059 km N 24° W of Pandan (Catanduanes)
190,20 May 2018 - 01:32 AM,13.69,120.63,101,2.8,015 km S 03° E of Calatagan (Batangas)
191,20 May 2018 - 01:27 AM,15.67,121.69,017,2.0,017 km S 54° E of Baler (Aurora)
192,19 May 2018 - 11:28 PM,13.69,120.60,114,1.9,016 km S 12° W of Calatagan (Batangas)
193,19 May 2018 - 07:02 PM,20.46,122.33,060,2.2,038 km N 89° E of Basco (Batanes)
194,19 May 2018 - 04:41 PM,10.97,126.34,001,3.0,068 km S 84° E of Guiuan (Eastern Samar)
195,19 May 2018 - 02:40 PM,10.71,125.51,088,2.0,040 km N 10° W of Loreto (Dinagat)
196,19 May 2018 - 01:02 PM,07.93,121.52,046,3.2,070 km N 79° W of Baliguian (Zamboanga Del Norte)
197,19 May 2018 - 10:10 AM,17.25,119.98,017,2.7,050 km N 83° W of Candon City (Ilocos Sur)
198,19 May 2018 - 09:43 AM,11.26,126.46,018,3.2,084 km N 73° E of Guiuan (Eastern Samar)
199,19 May 2018 - 05:43 AM,14.94,120.21,172,2.1,007 km S 57° E of San Marcelino (Zambales)
200,19 May 2018 - 05:34 AM,07.57,126.57,131,3.1,012 km N 05° W of Baculin (Davao Oriental)
201,19 May 2018 - 05:22 AM,08.66,126.53,062,2.4,030 km S 59° E of Marihatag (Surigao Del Sur)
202,19 May 2018 - 03:57 AM,05.29,126.66,048,3.6,133 km S 83° E of Sarangani (Davao Occidental)
203,19 May 2018 - 02:54 AM,13.35,123.45,023,2.7,010 km S 37° W of Buhi (Camarines Sur)
204,19 May 2018 - 02:54 AM,07.62,125.68,014,2.4,014 km N 69° E of Baganga (Davao Oriental)
205,19 May 2018 - 02:48 AM,06.63,127.13,080,2.4,089 km S 59° E of Tarragona (Davao Oriental)
206,19 May 2018 - 02:06 AM,13.35,120.75,100,1.9,008 km S 05° E of Abra De Ilog (Occidental Mindoro)
207,18 May 2018 - 11:39 PM,17.59,121.46,022,2.3,007 km N 76° E of Pinukpuk (Kalinga)
208,18 May 2018 - 11:35 PM,18.91,121.44,048,2.4,042 km S 04° W of Calayan (Cagayan)
209,18 May 2018 - 10:28 PM,13.77,120.88,023,1.8,007 km N 78° W of Mabini (Batangas)
210,18 May 2018 - 09:47 PM,07.71,124.79,001,2.3,008 km N 28° E of Wao (Lanao Del Sur)
211,18 May 2018 - 09:45 PM,07.45,123.75,068,2.2,037 km S 89° E of Tabina (Zamboanga Del Sur)
212,18 May 2018 - 08:39 PM,04.62,125.75,131,2.6,096 km S 19° E of Sarangani (Davao Occidental)
213,18 May 2018 - 05:03 PM,06.34,126.61,033,2.4,069 km S 60° E of Governor Generoso (Davao Oriental)
214,18 May 2018 - 05:01 PM,05.86,125.18,014,1.8,004 km N 04° W of Glan (Sarangani)
215,18 May 2018 - 04:21 PM,06.39,126.58,028,3.7,063 km S 63° E of Governor Generoso (Davao Oriental)
216,18 May 2018 - 03:47 PM,16.00,119.47,016,2.4,037 km S 70° W of Agno (Pangasinan)
217,18 May 2018 - 03:17 PM,13.10,125.78,010,2.3,090 km N 40° E of Mapanas (Northern Samar)
218,18 May 2018 - 12:56 PM,05.93,126.68,033,2.3,118 km N 88° E of Jose Abad Santos (Davao Occidental)
219,18 May 2018 - 12:34 PM,10.36,126.06,014,4.3,037 km N 03° W of Burgos (Surigao Del Norte)
220,18 May 2018 - 09:03 AM,15.89,120.36,092,2.2,004 km S 23° E of San Carlos City (Pangasinan)
221,18 May 2018 - 08:03 AM,10.33,123.95,006,3.1,002 km N 18° W of Lapu-lapu City (Opon) (Cebu)
222,18 May 2018 - 05:19 AM,09.78,126.59,007,3.1,047 km N 90° E of General Luna (Surigao del Norte)
223,18 May 2018 - 05:17 AM,08.95,126.61,047,2.6,034 km N 85° E of Cagwait (Surigao del Sur)
224,18 May 2018 - 05:12 AM,06.31,126.24,029,2.6,042 km S 25° E of Governor Generoso (Davao Oriental)
225,18 May 2018 - 04:17 AM,10.32,126.10,015,3.1,033 km N 05° W of Burgos (Surigao del Norte)
226,18 May 2018 - 03:50 AM,04.57,126.47,001,3.1,146 km S 49° E of Sarangani (Davao Occidental)
227,18 May 2018 - 03:25 AM,11.55,126.07,003,2.5,055 km N 63° E of Hernani (Eastern Samar)
228,18 May 2018 - 03:14 AM,17.67,120.63,034,2.1,003 km S 31° W of Danglas (Abra)
229,18 May 2018 - 02:46 AM,05.28,126.23,011,2.5,086 km S 78° E of Sarangani (Davao Occidental)
230,18 May 2018 - 01:30 AM,06.17,124.68,021,2.1,006 km S 11° W of T'boli (South Cotabato)
231,18 May 2018 - 01:27 AM,17.47,120.48,013,2.3,012 km N 62° W of Pilar (Abra)
232,18 May 2018 - 01:00 AM,17.23,120.30,032,2.2,016 km N 77° W of Candon City (Ilocos Sur)
233,18 May 2018 - 12:42 AM,15.46,120.28,030,2.0,022 km S 32° W of Mayantoc (Tarlac)
234,18 May 2018 - 12:39 AM,05.56,126.52,063,2.7,107 km S 70° E of Jose Abad Santos (Davao Occidental)
235,18 May 2018 - 12:18 AM,06.19,126.83,017,2.1,090 km S 56° E of Governor Generoso (Davao Oriental)
236,18 May 2018 - 12:05 AM,08.98,125.83,048,2.2,022 km N 39° E of Sibagat (Agusan Del Sur)
237,18 May 2018 - 12:04 AM,13.77,120.54,066,1.8,013 km S 55° W of Calatagan (Batangas)
238,17 May 2018 - 11:57 PM,10.12,125.81,020,2.1,024 km N 77° E of Basilisa (Rizal) (Surigao del Norte)
239,17 May 2018 - 11:35 PM,18.86,121.49,065,2.3,043 km N 39° E of Sanchez-mira (Cagayan)
240,17 May 2018 - 11:32 PM,20.70,121.08,026,3.3,080 km S 82° W of Itbayat (Batanes)
241,17 May 2018 - 10:52 PM,06.61,126.98,150,2.5,076 km S 50° E of Tarragona (Davao Oriental)
242,17 May 2018 - 09:47 PM,10.37,125.91,028,2.0,036 km N 89° E of Loreto (Dinagat)
243,17 May 2018 - 08:57 PM,06.14,125.96,114,2.6,030 km S 78° E of Don Marcelino (Davao Occidental)
244,17 May 2018 - 08:45 PM,05.82,124.72,019,2.0,021 km S 30° E of Kiamba (Sarangani)
245,17 May 2018 - 08:30 PM,06.23,126.79,033,2.5,091 km S 59° E of Governor Generoso (Davao Oriental)
246,17 May 2018 - 07:14 PM,03.71,126.28,014,2.9,210 km S 25° E of Sarangani (Davao Occidental)
247,17 May 2018 - 06:59 PM,10.04,123.12,007,2.1,011 km N 54° W of Jimalalud (Negros Oriental)
248,17 May 2018 - 06:50 PM,14.98,120.01,026,2.0,010 km S 36° W of San Felipe (Zambales)
249,17 May 2018 - 06:22 PM,09.80,122.15,075,2.7,028 km N 80° W of Sipalay (Negros Occidental)
250,17 May 2018 - 04:42 PM,12.96,124.63,029,2.2,043 km N 43° E of Biri (Northern Samar)
251,17 May 2018 - 03:08 PM,04.93,126.08,064,2.3,088 km S 51° E of Sarangani (Davao Occidental)
252,17 May 2018 - 12:12 PM,05.53,125.27,193,3.3,024 km N 65° W of Sarangani (Davao Occidental)
253,17 May 2018 - 10:52 AM,06.95,122.08,033,2.3,006 km N 04°W of Zamboanga City (Zamboanga Del Sur)
254,17 May 2018 - 09:43 AM,06.60,126.41,029,2.5,037 km S 82° E of Governor Generoso (Davao Oriental)
255,17 May 2018 - 09:11 AM,10.05,122.14,002,3.0,049 km S 29° E of Anini-y (Antique)
256,17 May 2018 - 06:55 AM,10.13,126.53,001,3.5,052 km N 76° E of Burgos (Surigao Del Norte)
257,17 May 2018 - 04:13 AM,12.97,124.67,007,2.3,046 km N 46° E of Biri (Northern Samar)
258,17 May 2018 - 03:32 AM,13.54,120.70,002,2.4,011 km N 15° W of Abra de Ilog (Occidental Mindoro)
259,17 May 2018 - 02:20 AM,07.55,124.44,001,3.5,010 km N 60° E of Buldon (Maguindanao)
260,17 May 2018 - 02:19 AM,07.52,124.37,001,2.5,001 km N of Buldon (Maguindanao)
261,17 May 2018 - 02:04 AM,04.85,126.36,033,3.6,118 km S 57° E of Sarangani (Davao Occidental)
262,17 May 2018 - 01:30 AM,04.53,126.78,008,3.0,177 km S 55° E of Sarangani (Davao Occidental)
263,17 May 2018 - 01:00 AM,15.13,119.86,033,2.1,021 km S 81° W of Cabangan (Zambales)
264,17 May 2018 - 12:43 AM,16.28,121.40,008,2.6,021 km N 90° E of Kasibu (Nueva Vizcaya)
265,16 May 2018 - 09:59 PM,16.25,121.36,015,2.7,018 km S 81° E of Kasibu (Nueva Vizcaya)
266,16 May 2018 - 09:55 PM,14.03,120.18,054,2.1,020 km N 20° E of Lubang (Occidental Mindoro)
267,16 May 2018 - 09:47 PM,06.29,126.30,039,2.3,047 km S 32° E of Governor Generoso (Davao Oriental)
268,16 May 2018 - 08:02 PM,15.16,120.17,106,2.4,013 km N 88° E of Cabangan (Zambales)
269,16 May 2018 - 07:35 PM,10.21,125.74,035,2.1,023 km N 85° E of Libjo (Dinagat Islands)
270,16 May 2018 - 07:18 PM,06.80,125.50,026,1.9,015 km N 78° E of Digos City (Davao del Sur)
271,16 May 2018 - 07:12 PM,20.35,122.23,001,3.0,030 km S 65° E of Basco (Batanes)
272,16 May 2018 - 04:49 PM,04.71,126.64,001,3.4,152 km S 58° E of Sarangani (Davao Occidental)
273,16 May 2018 - 01:05 PM,06.46,124.02,008,4.5,026  km S 61° W of Kalamansig (Sultan Kudarat)
274,16 May 2018 - 11:16 AM,13.07,122.32,003,2.9,028  km N 60° E of Banton (Romblon)
275,16 May 2018 - 08:57 AM,06.67,126.72,175,2.4,052  km S 35° E of Tarragona (Davao Oriental)
276,16 May 2018 - 08:35 AM,03.41,128.57,222,3.9,410  km S 57° E of Sarangani (Davao Occidental)
277,16 May 2018 - 08:31 AM,07.57,124.48,001,3.3,014  km N 60° E of Buldon (Maguindanao)
278,16 May 2018 - 08:13 AM,03.54,126.58,033,3.1,243  km S 30° E of Sarangani (Davao Occidental)
279,16 May 2018 - 08:02 AM,07.53,124.44,006,3.2,008  km N 74° E of Buldon (Maguindanao)
280,16 May 2018 - 07:31 AM,07.56,124.45,004,3.0,011  km N 56° E of Buldon (Maguindanao)
281,16 May 2018 - 04:47 AM,20.02,121.41,031,2.4,059  km S 54° W of Sabtang (Batanes)
282,16 May 2018 - 03:31 AM,15.04,119.69,009,2.6,041  km S 86° W of San Felipe (Zambales)
283,16 May 2018 - 03:26 AM,10.22,125.27,016,2.4,007  km S 15° E of Anahawan (Southern Leyte)
284,16 May 2018 - 03:10 AM,02.89,127.49,166,3.9,359  km S 38° E of Sarangani (Davao Occidental)
285,16 May 2018 - 03:06 AM,05.45,126.48,012,3.3,107  km S 63° E of Jose Abad Santos (Davao Occidental)
286,16 May 2018 - 02:08 AM,13.90,120.87,032,2.0,005  km N 69° W of Lemery (Batangas)
287,16 May 2018 - 01:11 AM,13.04,122.36,011,3.1,031  km N 71° E of Banton (Romblon)
288,16 May 2018 - 12:24 AM,10.54,122.45,026,2.2,042  km N 90° W of Bago City (Negros Occidental)
289,16 May 2018 - 12:22 AM,05.72,125.04,022,2.3,045  km S 18° W of General Santos City (South Cotabato)
290,15 May 2018 - 11:57 PM,15.96,120.37,090,2.4,004  km N 41° E of San Carlos City (Pangasinan)
291,15 May 2018 - 10:53 PM,10.75,124.03,006,2.4,025  km N 01° E of Danao City (Cebu)
292,15 May 2018 - 08:21 PM,13.88,120.52,035,2.0,013  km N 66° W of Calatagan (Batangas)
293,15 May 2018 - 08:00 PM,06.90,123.89,597,4.9,025  km N 67° W of South Upi (Maguindanao)
294,15 May 2018 - 07:33 PM,03.35,126.24,013,3.6,245  km S 20° E of Sarangani (Davao Occidental)
295,15 May 2018 - 07:03 PM,06.55,126.72,043,2.8,063  km S 28° E of Tarragona (Davao Oriental)
296,15 May 2018 - 06:37 PM,10.03,126.10,012,2.1,003  km N 66° E of Burgos (Surigao del Norte)
297,15 May 2018 - 04:22 PM,14.81,123.48,021,2.3,095 km N 52° E of Paracle (Camarines Norte)
298,15 May 2018 - 03:59 PM,11.49,121.59,047,2.7,051 km N 83° W of Culasi (Antique)
299,15 May 2018 - 01:20 PM,09.36,125.67,026,3.3,015 km S 44° E of Kitcharao (Agusan Del Norte)
300,15 May 2018 - 12:18 PM,08.50,126.08,010,2.9,006 km S 57° W of Barobo (Surigao Del Sur)
301,15 May 2018 - 12:09 PM,10.22,125.05,006,2.5,009 km N 36° E of Malitbog (Southern Leyte)
302,15 May 2018 - 11:27 AM,13.64,120.22,012,2.4,010 km S 21° W of Looc (Occidental Mindoro)
303,15 May 2018 - 07:26 AM,03.42,126.10,001,3.3,233 km S 17° E of Sarangani (Davao Occidental)
304,15 May 2018 - 05:47 AM,13.69,120.65,033,1.9,016 km S 05° E of Calatagan (Batangas)
305,15 May 2018 - 04:44 AM,12.98,125.02,014,2.5,047 km N 13° E of Pambujan (Northern Samar)
306,15 May 2018 - 04:08 AM,08.22,122.86,012,2.5,014 km N 35° E of Salug (Zamboanga Del Norte)
307,15 May 2018 - 02:39 AM,06.35,125.05,034,2.5,012 km N 85° E of Tupi (South Cotabato)
308,15 May 2018 - 02:18 AM,05.47,125.21,026,2.8,029 km N 82° W of Sarangani (Davao Occidental)
309,15 May 2018 - 01:49 AM,11.66,124.29,015,2.8,007 km S 71° W of Kawayan (Biliran)
310,15 May 2018 - 01:30 AM,09.28,127.47,023,3.2,135 km N 75° E of Bayasbas (Surigao Del Sur)
311,15 May 2018 - 01:14 AM,09.59,126.27,021,3.2,025 km S 31° E of General Luna (Surigao Del Norte)
312,14 May 2018 - 11:38 PM,06.92,127.02,017,3.8,065 km S 78° E of Tarragona (Davao Oriental)
313,14 May 2018 - 11:19 PM,10.85,126.29,009,2.7,066 km S 72° E of Guiuan (Eastern Samar)
314,14 May 2018 - 11:12 PM,20.01,121.24,022,4.8,075 km S 61° W of Sabtang (Batanes)
315,14 May 2018 - 09:58 PM,11.00,126.30,001,3.1,064 km S 86° E of Guiuan (Eastern Samar)
316,14 May 2018 - 09:26 PM,09.89,125.46,019,2.9,019 km S 41° W of San Jose (Dinagat)
317,14 May 2018 - 09:04 PM,09.86,126.28,010,2.5,016 km N 58° E of General Luna (Surigao Del Norte)
318,14 May 2018 - 08:31 PM,06.49,126.02,026,2.8,019 km S 21° W of Governor Generoso (Davao Oriental)
319,14 May 2018 - 07:45 PM,07.01,126.12,026,2.4,012 km N 60° W of Mati (Davao Oriental)
320,14 May 2018 - 07:10 PM,12.98,124.12,025,3.0,007 km N 07° W of Gubat (Sorsogon)
321,14 May 2018 - 06:35 PM,20.32,121.07,033,2.4,084 km S 89° W of Sabtang (Batanes)
322,14 May 2018 - 05:12 PM,10.05,126.09,011,2.1,004 km N 29° E of Burgos (Surigao del Norte)
323,14 May 2018 - 04:29 PM,09.86,126.37,008,2.9,025 km N 71° E of General Luna (Surigao del Norte)
324,14 May 2018 - 04:05 PM,10.32,126.67,008,2.8,074 km N 63° E of Burgos (Surigao del Norte)
325,14 May 2018 - 03:53 PM,13.74,120.95,031,2.0,002 km S 19° E of Mabini (Batangas)
326,14 May 2018 - 11:32 AM,13.82,120.64,017,2.1,001 km S 18° E of Calatagan (Batangas)
327,14 May 2018 - 11:17 AM,10.72,122.10,003,2.9,012 km S 49° E of Sibalom (Antique)
328,14 May 2018 - 11:14 AM,14.06,120.35,089,3.9,030 km S 86° W of Nasugbu (Batangas)
329,14 May 2018 - 11:02 AM,05.28,126.53,001,3.1,121 km S 56° E of Jose Abad Santos (Davao Occidental)
330,14 May 2018 - 09:42 AM,09.80,125.61,122,2.6,012 km N 84° E of Surigao City (Surigao Del Norte)
331,14 May 2018 - 06:37 AM,10.06,125.36,019,2.6,018 km N 45° E of Pintuyan (Southern Leyte)
332,14 May 2018 - 06:25 AM,15.69,119.98,033,2.1,009 km N 35° E of Candelaria (Zambales)
333,14 May 2018 - 06:12 AM,08.54,122.60,009,4.9,046 km N 10° W of Liloy (Zamboanga del Norte)
334,14 May 2018 - 04:06 AM,08.44,124.68,024,2.4,021 km N 20° E of Talakag (Bukidnon)
335,14 May 2018 - 03:27 AM,05.81,127.10,130,2.7,147 km S 51° E of Governor Generoso (Davao Oriental)
336,14 May 2018 - 03:03 AM,13.71,120.67,142,2.0,014 km S 17° E of Calatagan (Batangas)
337,14 May 2018 - 01:47 AM,08.70,125.58,028,2.8,008 km N 69° W of Esperanza (Agusan del Sur)
338,14 May 2018 - 12:29 AM,14.59,123.24,003,2.6,059 km N 55° E of Paracale (Camarines Norte)
339,14 May 2018 - 12:12 AM,13.87,120.56,174,3.1,009 km N 66° W of Calatagan (Batangas)
340,13 May 2018 - 11:49 PM,09.99,123.20,006,2.5,001 km N 06° W of Jimalalud (Negros Oriental)
341,13 May 2018 - 11:46 PM,06.48,126.37,019,2.7,038 km S 59° E of Governor Generoso (Davao Oriental)
342,13 May 2018 - 11:38 PM,13.75,120.59,107,2.0,010 km S 25° W of Calatagan (Batangas)
343,13 May 2018 - 11:33 PM,05.44,125.45,165,5.1,003 km N 65° W of Sarangani (Davao Occidental)
344,13 May 2018 - 11:16 PM,10.92,124.16,002,2.5,031 km S 88° W of Isabel (Leyte)
345,13 May 2018 - 10:41 PM,13.12,124.34,001,2.6,018 km N 66° E of Prieto Diaz (Sorsogon)
346,13 May 2018 - 10:39 PM,10.38,122.20,001,2.3,041 km S 67° W of Nueva Valencia (Guimaras)
347,13 May 2018 - 07:16 PM,12.70,123.21,029,2.3,022 km S 11° W of Claveria (Masbate)
348,13 May 2018 - 07:15 PM,10.08,125.38,016,2.1,021 km S 54° W of Libjo (Dinagat Islands)
349,13 May 2018 - 06:42 PM,07.30,127.41,023,3.5,093 km S 88° E of Caraga (Davao Oriental)
350,13 May 2018 - 04:31 PM,11.79,125.23,021,2.2,029 km N 51° E of Calbiga (Western Samar)
351,13 May 2018 - 04:20 PM,17.44,120.32,025,2.6,013 km S 69° W of Santa (Ilocos Sur)
352,13 May 2018 - 12:01 PM,10.54,126.12,010,2.8,057 km N 05° E of Burgos (Surigao Del Norte)
353,13 May 2018 - 10:45 AM,16.44,122.31,007,3.6,011 km S 32° E of Dinapigue (Isabela)
354,13 May 2018 - 10:28 AM,14.02,120.60,159,2.2,006 km S 64° W of Lian (Batangas)
355,13 May 2018 - 09:38 AM,14.45,123.06,001,2.3,046 km N 15° W of Pandan (Catanduanes)
356,13 May 2018 - 08:45 AM,11.18,126.21,015,2.7,055 km N 73° E of Guiuan (Eastern Samar)
357,13 May 2018 - 06:07 AM,03.23,126.53,110,3.3,271 km S 26° E of Saragani (Davao Occidental)
358,13 May 2018 - 03:35 AM,09.68,123.67,012,2.0,018 km S 58° E of Dalaguete (Cebu)
359,13 May 2018 - 03:05 AM,06.82,126.74,013,2.1,041 km S 53° E of Tarragona (Davao Oriental)
360,13 May 2018 - 01:26 AM,10.83,125.53,049,2.2,031 km S 42° W of Guiuan (Eastern Samar)
361,12 May 2018 - 09:54 PM,09.05,122.48,001,2.6,044 km S 24° W of Basay (Negros Oriental)
362,12 May 2018 - 09:21 PM,13.56,120.37,031,2.5,019 km N 34° W of Paluan (Occidental Mindoro)
363,12 May 2018 - 08:38 PM,09.03,122.36,024,2.8,053 km S 36° W of Basay (Negros Oriental)
364,12 May 2018 - 07:12 PM,13.67,120.67,160,2.8,019 km S 13° E of Calatagan (Batangas)
365,12 May 2018 - 05:06 PM,13.07,121.45,031,2.1,009 km S 09° E of Pola (Oriental Mindoro)
366,12 May 2018 - 02:54 PM,14.43,124.01,001,2.6,046 km N 22° W of Pandan (Catanduanes)
367,12 May 2018 - 02:19 PM,06.08,126.31,096,3.0,069 km S 79° E of Don Marcelino (Davao Occidental)
368,12 May 2018 - 01:11 PM,08.35,126.36,020,3.2,004 km S 11° E of Hinatuan (Surigao Del Sur)
369,12 May 2018 - 08:21 AM,08.44,126.88,096,2.7,062 km N 84° E of Hinatuan (Surigao Del Sur)
370,12 May 2018 - 08:08 AM,13.25,120.80,057,3.5,047 km N 05° E of Sablayan (Occidental Mindoro)
371,12 May 2018 - 08:07 AM,09.67,126.07,028,2.7,010 km S 13° E of Dapa (Dinagat)
372,12 May 2018 - 06:19 AM,21.23,121.39,042,2.4,066 km N 39° W of Itbayat (Batanes)
373,12 May 2018 - 06:02 AM,07.06,126.07,033,2.4,012 km N 28° E of Banaybanay (Davao Oriental)
374,12 May 2018 - 04:56 AM,06.03,125.75,113,5.4,045 km S 20° E of Malita (Davao Occidental)
375,12 May 2018 - 03:54 AM,10.52,126.06,013,2.6,056 km N 01° W of Burgos (Surigao Del Norte)
376,12 May 2018 - 03:47 AM,10.62,126.11,014,4.0,063 km S 43° E of Guian (Eastern Samar)
377,12 May 2018 - 03:39 AM,10.60,126.02,013,2.9,065 km N 05° E of Burgos (Surigao Del Norte)
378,12 May 2018 - 01:20 AM,06.41,126.45,026,2.3,049 km S 58° E of Governor Generoso (Davao Oriental)
379,12 May 2018 - 12:59 AM,07.76,121.79,034,2.6,037 km N 81° W of Siocon (Zamboanga Del Norte)
380,12 May 2018 - 12:57 AM,13.58,120.56,147,2.8,021 km N 27° E of Paluan (Occidental Mindoro)
381,12 May 2018 - 12:24 AM,10.39,126.24,012,4.1,044 km N 24° E of Burgos (Surigao del Norte)
382,12 May 2018 - 12:07 AM,06.38,126.51,027,2.0,056 km S 58° E of Governor Generoso (Davao Oriental)
383,12 May 2018 - 12:02 AM,06.38,126.53,034,2.4,059  km S 59° E of Governor Generoso (Davao Oriental)
384,11 May 2018 - 11:57 PM,08.70,126.59,029,3.1,034 km S 71° E of Marihatag (Surigao del Sur)
385,11 May 2018 - 11:51 PM,06.35,126.51,049,4.8,058 km S 55° E of Governor Generoso (Davao Oriental)
386,11 May 2018 - 11:33 PM,14.44,123.93,002,3.7,051 km N 30° W of Pandan (Catanduanes)
387,11 May 2018 - 11:06 PM,14.51,119.83,029,2.2,051 km S 68° W of Morong (Bataan)
388,11 May 2018 - 10:41 PM,05.79,125.61,015,2.0,011 km S 02° E of Jose Abad Santos (Davao Occidental)
389,11 May 2018 - 10:29 PM,03.89,128.66,043,4.4,392 km S 64° E of Sarangani (Davao Occidental)
390,11 May 2018 - 10:24 PM,14.38,124.24,001,2.5,038 km N 12° E of Pandan (Catanduanes)
391,11 May 2018 - 08:22 PM,19.23,121.20,017,3.4,029 km S 78° W of Calayan (Cagayan)
392,11 May 2018 - 08:16 PM,11.25,124.65,004,2.4,005 km S 25° E of Capoocan (Leyte)
393,11 May 2018 - 08:12 PM,07.71,124.76,001,3.4,003 km S 12° E of Kalilangan (Bukidnon)
394,11 May 2018 - 07:41 PM,14.20,123.82,009,2.5,041 km N 66° W of Pandan (Catanduanes)
395,11 May 2018 - 03:39 PM,07.62,125.67,003,2.8,008 km N 29° E of Kapalong (Davao Del Norte)
396,11 May 2018 - 03:28 PM,11.39,124.42,028,2.4,010 km S 37° W of Biliran (Biliran)
397,11 May 2018 - 02:55 PM,11.20,125.74,017,3.6,018 km N 07° E of Guiuan (Eastern Samar)
398,11 May 2018 - 10:38 AM,12.52,124.64,024,2.3,002 km N 03° E of Catarman (Northern Samar)
399,11 May 2018 - 10:34 AM,05.66,126.08,086,3.0,057 km S 64° E of Jose Abad Santos (Davao Occidental)
400,11 May 2018 - 04:06 AM,05.47,126.67,082,5.0,132 km N 88° E of Sarangani (Davao Occidental)
401,11 May 2018 - 04:03 AM,13.66,125.13,028,2.0,081 km S 81° E of Gigmoto (Catanduanes)
402,11 May 2018 - 03:14 AM,19.11,121.21,016,2.5,032 km S 55° W of Calayan (Cagayan)
403,11 May 2018 - 03:08 AM,05.85,124.99,061,2.4,002 km S 63° W of Maasim (Sarangani)
404,11 May 2018 - 02:26 AM,07.94,125.00,009,3.2,024 km N 62° E of Pangantucan (Bukidnon)
405,11 May 2018 - 02:02 AM,06.69,124.14,527,5.9,014 km S 44° E of South Upi (Maguindanao)
406,11 May 2018 - 01:21 AM,16.48 ,122.35,037,2.5,011 km S 61° E of Dinapigue (Isabela)
407,11 May 2018 - 01:13 AM,06.32,126.91,026,3.1,039 km S 19° E of Governor Generoso (Davao Oriental)
408,11 May 2018 - 01:09 AM,06.36,126.20,020,3.0,034 km S 23° E of Governor Generoso (Davao Oriental)
409,11 May 2018 - 12:42 AM,18.81,120.99,021,3.0,024 km N 24° W of Claveria (Cagayan)
410,11 May 2018 - 12:38 AM,13.26,122.19,017,2.2,013 km S 56° E of Torrijos (Marinduque)
411,10 May 2018 - 11:44 PM,13.56,120.69,194,3.4,013 km N 18° W of Abra De Ilog (Occidental Mindoro)
412,10 May 2018 - 11:39 PM,10.43,125.12,032,2.1,009 km N 65° W of Hinunangan (Southern Leyte)
413,10 May 2018 - 11:02 PM,16.46,122.37,036,2.6,013 km S 55° E of Dinapigue (Isabela)
414,10 May 2018 - 07:56 PM,10.12,125.53,016,5.7,009 km S 07° W of Libjo (Dinagat Islands)
415,10 May 2018 - 07:47 PM,11.18,124.69,006,2.9,010 km S 85° W of Jaro (Leyte)
416,10 May 2018 - 07:08 PM,14.29,125.18,033,2.8,102 km N 57° E of Gigmoto (Catanduanes)
417,10 May 2018 - 05:12 PM,09.98,123.10,022,2.0,009 km N 53° W of Tayasan (Negros Oriental)
418,10 May 2018 - 04:37 PM,05.99,125.73,145,4.0,017 km N 45° E of Jose Abad Santos (Davao Occidental)
419,10 May 2018 - 02:10 PM,08.90,127.34,034,3.0,114 km N 89° E of Cagwait (Surigao del Sur)
420,10 May 2018 - 01:49 PM,17.44,121.30,031,2.3,016 km N 88° W of Tabuk (Kalinga)
421,10 May 2018 - 01:41 PM,10.20,125.91,027,2.7,024 km N 36° W of Santa Monica (Sapao) (Surigao del Norte)
422,10 May 2018 - 11:35 AM,14.74,121.96,024,2.3,004 km N 49° E of Polilio (Quezon)
423,10 May 2018 - 11:31 AM,18.58,120.89,010,2.1,007 km N 68° W of Santa Praxedes (Cagayan)
424,10 May 2018 - 11:07 AM,16.37,120.80,009,2.6,015 km S 87° E of Itogon (Benguet)
425,10 May 2018 - 10:33 AM,10.08,125.36,009,2.9,015 km N 39° E of Pintuyan (Southern Leyte)
426,10 May 2018 - 03:15 AM,17.74,120.40,035,2.8,006 km N 89° W of Lapog (San Juan) (Ilocos Sur)
427,10 May 2018 - 02:55 AM,13.68,122.57,001,2.7,012 km N 02° E of San Narciso (Quezon)
428,10 May 2018 - 01:28 AM,13.58,120.62,021,3.6,019 km N 38° W of Abra De Ilog (Occidental Mindoro)
429,10 May 2018 - 01:18 AM,09.92,125.45,033,2.0,016 km S 72° W of Dinagat (Dinagat)
430,10 May 2018 - 12:02 AM,05.75,124.98,012,2.7,013 km S 13° W of Maasim (Sarangani)
431,09 May 2018 - 11:59 PM,07.68,124.83,007,2.6,009 km N 64° E of Wao (Lanao Del Sur)
432,09 May 2018 - 11:48 PM,13.53,123.11,017,2.1,007 km N 78° E of Pasacao (Camarines Sur)
433,09 May 2018 - 11:47 PM,07.69,124.76,001,2.8,005 km N 12° E of Wao (Lanao Del Sur)
434,09 May 2018 - 09:51 PM,19.04,121.23,011,2.1,036 km S 42° W of Calayan (Cagayan)
435,09 May 2018 - 08:21 PM,18.10,120.72,027,2.4,018 km S 50° E of Laoag City (Ilocos Norte)
436,09 May 2018 - 03:39 PM,07.69,124.68,001,3.5,009 km N 60° W of Wao (Lanao del Sur)
437,09 May 2018 - 03:38 PM,07.69,124.80,001,3.2,007 km S 44° E of Kalilangan (Bukidnon)
438,09 May 2018 - 03:28 PM,10.27,122.27,005,2.5,038 km S 22° E of San Joaquin (Iloilo)
439,09 May 2018 - 01:15 PM,16.81,120.03,017,2.4,036km N 74° W of Bacnotan (La Union)
440,09 May 2018 - 12:55 PM,05.99,124.71,020,2.0,010km N 89° E of Kiamba (Sarangani)
441,09 May 2018 - 12:03 PM,12.62,120.65,004,2.5,026km S 28° W of Sablayan (Occidental Mindoro)
442,09 May 2018 - 10:47 AM,13.58,120.62,105,2.5,020km N 39° W of Abra de Ilog (Occidental Mindoro)
443,09 May 2018 - 05:45 AM,07.78,126.13,012,3.0,011km S 85° E of Monkayo (Compostela Valley)
444,09 May 2018 - 05:29 AM,07.07,126.82,007,3.6,035km S 62° E of Manay (Davao Oriental)
445,09 May 2018 - 04:04 AM,20.20,120.29,042,3.2,160km N 51° W of Calayan (Cagayan)
446,09 May 2018 - 04:04 AM,09.37,122.61,009,2.0,006km S 35° W of Basay (Negros Oriental)
447,09 May 2018 - 04:02 AM,10.10,123.52,016,2.2,002km S 31° E of Barili (Cebu)
448,09 May 2018 - 03:20 AM,10.13,124.87,032,2.4,004km S 83° E of Maasin (Southern Leyte)
449,09 May 2018 - 03:16 AM,05.49,126.46,127,3.1,109 km N 87° E of Sarangani (Davao Occidental)
450,09 May 2018 - 02:40 AM,13.64,120.65,033,2.0,021 km S 05° E of Calatagan (Batangas)
451,09 May 2018 - 02:35 AM,15.49,119.69,015,2.6,024 km N 74° W of Palauig (Zambales)
452,09 May 2018 - 02:23 AM,13.63,120.65,031,2.1,022 km N 25° W of Abra De Ilog (Occidental Mindoro)
453,09 May 2018 - 01:57 AM,09.93,126.18,048,2.2,019 km S 79° E of San Benito (Surigao Del Norte)
454,09 May 2018 - 01:14 AM,18.36,120.46,027,3.2,017 km N 80° W of Pasuquin (Ilocos Norte)
455,09 May 2018 - 01:08 AM,13.61,120.46,031,3.5,026 km S 62° E of Looc (Occidental Mindoro)
456,09 May 2018 - 01:07 AM,08.21,125.83,034,3.2,004 km N 34° W of Loreto (Agusan Del Sur)
457,09 May 2018 - 01:01 AM,13.55,120.62,153,2.7,017 km N 46° W of Abra De Ilog (Occidental Mindoro)
458,09 May 2018 - 12:20 AM,13.57,121.44,028,2.6,023 km S 69° E of Lobo (Batangas)
459,08 May 2018 - 11:22 PM,12.66,123.40,054,2.0,016 km N 01° E of Aroroy (Masbate)
460,08 May 2018 - 11:19 PM,10.24,125.09,033,3.2,007 km S 49° W of Saint Bernard (Southern Leyte)
461,08 May 2018 - 11:15 PM,14.10,120.78,031,1.6,009 km S 62° W of Alfonso (Cavite)
462,08 May 2018 - 11:14 PM,17.76,120.45,062,2.3,002 km N 34° W of Lopog (San Juan) (Ilocos Sur)
463,08 May 2018 - 09:09 PM,14.50,124.02,001,3.5,052 km N 18° W of Pandan (Catanduanes)
464,08 May 2018 - 08:44 PM,13.05,125.05,045,2.7,055 km N 14° E of Pambujan (Northern Samar)
465,08 May 2018 - 08:29 PM,14.54,124.03,001,3.8,056 km N 15° W of Pandan (Catanduanes)
466,08 May 2018 - 07:32 PM,07.54,124.53,033,1.7,018 km N 80° E of Buldon (Maguindanao)
467,08 May 2018 - 07:24 PM,14.50,124.01,001,2.0,053 km N 19° W of Pandan (Catanduanes)
468,08 May 2018 - 06:44 PM,14.51,124.10,006,2.2,052 km N 08° W of Pandan (Catanduanes)
469,08 May 2018 - 05:20 PM,17.24,120.12,019,2.3,035 km N 81° W of Candon City (Ilocos Sur)
470,08 May 2018 - 03:36 PM,10.37,125.08,001,2.9,008 km N 27° E of Libagon (Southern Leyte)
471,08 May 2018 - 01:29 PM,10.38,125.04,001,3.5,009 km N 09° W of Libagon (Southern Leyte)
472,08 May 2018 - 12:34 AM,09.30,126.07,123,2.3,014 km N 77° W of Cortes (Surigao del Sur)
473,08 May 2018 - 11:53 AM,09.18,122.29,006,2.6,047 km S 29° W of Hinoba-an (Negros Occidental)
474,08 May 2018 - 11:19 AM,09.82,124.10,034,2.0,007 km N 53° W of Batuan (Bohol)
475,08 May 2018 - 11:16 AM,13.09,120.65,031,2.4,008 km N 87° W of Santa Cruz (Occidental Mindoro)
476,08 May 2018 - 10:50 AM,13.88,120.54,093,2.1,011 km N 64° W of Calatagan (Batangas)
477,08 May 2018 - 07:20 AM,06.40,126.87,014,2.4,085 km S 33° E of Tarragona (Davao Oriental)
478,08 May 2018 - 06:33 AM,06.67,126.94,031,3.0,069 km S 53° E of Tarragona (Davao Oriental)
479,08 May 2018 - 12:52 AM,10.76,124.91,031,2.3,011 km N 82° W of Abuyog (Leyte)
480,08 May 2018 - 12:12 AM,13.11,124.21,075,2.0,007 km N 19° E of Prieto Diaz (Sorsogon)
481,07 May 2018 - 11:06 PM,13.65,120.95,013,2.3,009 km S 81° E of Tingloy (Batangas)
482,07 May 2018 - 09:56 PM,14.74,123.99,041,2.0,079 km N 14° W of Pandan (Catanduanes)
483,07 May 2018 - 09:27 PM,11.03,123.88,029,2.3,008 km S 50° W of San Remigio (Cebu)
484,07 May 2018 - 11:20 AM,16.37,122.21,050,2.4,003 km S 04° W of Dilasag (Aurora)
485,07 May 2018 - 08:41 AM,14.45,123.84,001,2.0,057 km N 39° W of Pandan (Cataduanes)
486,07 May 2018 - 08:36 AM,08.95,126.63,025,2.8,036 km N 85° E of Cagwait (Surigao Del Sur)
487,07 May 2018 - 03:58 AM,18.93,121.17,009,2.4,037 km N 15° E of Claveria (Cagayan)
488,07 May 2018 - 02:17 AM,14.47,123.97,001,2.4,052 km N 24° W of Pandan (Cataduanes)
489,07 May 2018 - 12:35 AM,07.58,124.44,001,2.9,012 km N 46° E of Buldon (Maguindanao)
490,07 May 2018 - 12:16 AM,19.14,121.02,013,3.1,049 km S 72° W of Calayan (Cagayan)
491,06 May 2018 - 11:31 PM,07.75,127.28,029,3.2,081 km N 76° E of Baganga (Davao Oriental)
492,06 May 2018 - 11:07 PM,14.44,123.88,001,2.1,054 km N 36° W of Pandan (Catanduanes)
493,06 May 2018 - 10:33 PM,10.31,125.20,043,2.7,006 km N 33° E of Cabalian (San Juan) (Southern Leyte)
494,06 May 2018 - 10:09 PM,09.88,123.01,032,1.7,013 km S 42° E of Mabinay (Negros Oriental)
495,06 May 2018 - 09:23 PM,11.21,124.67,019,2.7,009 km S 66° W of Tunga (Leyte)
496,06 May 2018 - 08:19 PM,08.98,126.45,017,3.6,019 km N 85° E of Bayabas (Surigao Del Sur)
497,06 May 2018 - 02:56 PM,13.85,123.80,051,2.5,012 km S 66° E of Gatchitorena (Camarines Sur)
498,06 May 2018 - 02:55 PM,13.83,120.57,102,2.2,007 km N 89° W of Calatagan (Batangas)
499,06 May 2018 - 12:59 PM,11.28,124.60,000,2.5,005 km S 65° W of Capoocan (Leyte)
500,06 May 2018 - 11:48 AM,14.51,124.05,008,2.3,052 km N 15° W of Pandan (Catanduanes)
501,06 May 2018 - 11:19 AM,11.12,124.64,011,2.3,017 km S 62° W of Jaro (Leyte)
502,06 May 2018 - 07:39 AM,14.71,120.02,026,2.8,027 km N 84° W of Morong (Bataan)
503,06 May 2018 - 07:35 AM,07.14,126.50,119,2.7,009 km S 24° W of Manay (Davao Oriental)
504,06 May 2018 - 07:19 AM,05.91,126.70,020,2.8,107  km S 40° E of Governor Generoso (Davao Oriental)
505,06 May 2018 - 07:06 AM,13.65,124.56,007,2.1,020  km S 88° E of Baras (Catanduanes)
506,06 May 2018 - 05:27 AM,07.02,124.05,618,4.1,012  km N 89° W of Upi (Maguindanao)
507,06 May 2018 - 04:04 AM,11.12,122.68,026,2.3,005  km N 76° E of Passi (Iloilo)
508,06 May 2018 - 03:44 AM,05.83,123.72,021,2.3,068  km S 51° W of Palimbang (Sultan Kudarat)
509,06 May 2018 - 03:21 AM,09.15,123.04,029,2.0,008 km N 05° E of Siaton (Negros Oriental)
510,06 May 2018 - 03:19 AM,15.99,120.34,018,2.9,003 km S 38° W of Calasiao (Pangasinan)
511,06 May 2018 - 02:19 AM,14.42,123.94,001,2.4,048 km N 31° W of Pandan (Catanduanes)
512,06 May 2018 - 01:18 AM,09.43,123.30,027,2.4,007 km N 60° E of San Jose (Negros Oriental)
513,06 May 2018 - 01:12 AM,13.58,120.54,041,2.0,020 km N 22° E of Paluan (Occidental Mindoro)
514,06 May 2018 - 12:16 AM,13.47,122.23,026,1.5,018 km S 40° W of Catanauan (Quezon)
515,06 May 2018 - 12:09 AM,09.86,124.07,008,2.1,007 km S 87° E of Catigbian (Bohol)
516,06 May 2018 - 12:03 AM,05.72,124.95,019,2.3,017 km S 23° W of Maasim (Sarangani)
517,06 May 2018 - 12:00 AM,14.40,123.85,001,2.2,051 km N 41° W of Pandan (Catanduanes)
518,05 May 2018 - 11:40 PM,14.31,123.85,001,2.4,045 km N 50° W of Pandan (Catanduanes)
519,05 May 2018 - 10:41 PM,08.36,126.57,042,3.1,025 km S 88° E of Hinatuan (Surigao Del Sur)
520,05 May 2018 - 10:30 PM,16.37,120.62,023,2.2,004 km S 33° E of Baguio City (Benguet)
521,05 May 2018 - 09:46 PM,06.04,126.14,001,2.4,052 km S 71° E of Don Marcelino (Davao Occidental)
522,05 May 2018 - 08:30 PM,09.82,125.41,030,2.0,005 km N 11° W of San Francisco (Surigao del Norte)
523,05 May 2018 - 07:44 PM,13.58,120.83,014,1.5,010 km S 28° W of Tingloy (Batangas)
524,05 May 2018 - 06:26 PM,13.17,124.12,005,2.3,002 km S 14° W of Rapu - Rapu (Albay)
525,05 May 2018 - 05:58 PM,06.75,123.69,602,3.6,046 km S 81° W of South Upi (Maguindanao)
526,05 May 2018 - 05:56 PM,14.34,123.83,001,2.7,049 km N 48° W of Pandan (Catanduanes)
527,05 May 2018 - 05:30 PM,06.17,124.86,030,1.5,018 km S 52° E of Lake Sebu (South Cotobato)
528,05 May 2018 - 05:21 PM,14.39,123.86,001,2.2,051 km N 41° W of Pandan (Catanduanes)
529,05 May 2018 - 03:25 PM,14.39,123.90,002,2.5,048 km N 38° W of Pandan (Catanduanes)
530,05 May 2018 - 02:25 PM,14.47,123.94,001,2.4,052 km N 28° W of Pandan (Catanduanes)
531,05 May 2018 - 02:24 PM,14.47,124.00,004,1.8,050 km N 21° W of Pandan (Catanduanes)
532,05 May 2018 - 02:21 PM,14.44,123.97,001,3.3,048 km N 27° W of Pandan (Catanduanes)
533,05 May 2018 - 02:19 PM,14.43,123.96,016,6.0,047 km N 28° W of Pandan (Catanduanes)
534,05 May 2018 - 01:31 PM,08.83,125.80,017,2.9,014 km N 23° E of Bayugan City (Agusan Del Sur)
535,05 May 2018 - 01:25 PM,15.62,121.04,003,2.3,006 km S 29° E of Llanera (Nueva Ecija)
536,05 May 2018 - 11:33 AM,10.21,125.64,094,2.5,012 km N 84° E of Libjo (Albor) (Surigao Del Norte)
537,05 May 2018 - 10:36 AM,13.48,124.53,030,2.6,026 km S 41° E of Baras (Catanduanes)
538,05 May 2018 - 10:18 AM,13.51,124.46,039,4.6,019 km S 30° E of Baras (Catanduanes)
539,05 May 2018 - 09:25 AM,13.49,120.35,012,2.1,027 km S 23° E of Looc (Occidental Mindoro)
540,05 May 2018 - 06:08 AM,11.28,124.84,005,2.5,012 km N 33° E of Jaro (Leyte)
541,05 May 2018 - 05:46 AM,15.33,120.10,024,2.3,013 km S 89° E of Iba (Zambales)
542,05 May 2018 - 05:36 AM,09.68,126.19,024,2.4,012 km S 20° E of General Luna (Surigao Del Norte)
543,05 May 2018 - 03:37 AM,09.94,125.44,028,2.2,018 km S 58° W of San Jose (Dinagat)
544,04 May 2018 - 11:33 PM,19.19,121.27,019,2.8,023 km S 65° W of Calayan (Cagayan)
545,04 May 2018 - 09:29 PM,13.62,120.66,158,3.1,023 km S 07° E of Calatagan (Batangas)
546,04 May 2018 - 08:28 PM,11.47,124.38,008,2.8,006 km N 62° W of Calubian (Leyte)
547,04 May 2018 - 07:18 PM,05.35,127.44,157,3.7,217 km S 30° E of Tarragona (Davao Oriental)
548,04 May 2018 - 06:57 PM,12.96,124.58,018,2.1,039 km N 38° E of Biri (Northern Samar)
549,04 May 2018 - 04:37 PM,13.31,122.16,001,2.2,008 km S 76° E of Torrijos (Marinduque)
550,04 May 2018 - 01:32 PM,13.21,125.06,023,2.4,071 km N 04° E of Laoang (Northern Samar)
551,04 May 2018 - 08:44 AM,13.59,120.70,113,3.7,016 km N 12° W of Abra De Ilog (Occidental Mindoro)
552,04 May 2018 - 05:46 AM,07.73,124.62,001,2.1,017 km S 57° W of Wao (Lanao Del Sur)
553,04 May 2018 - 05:40 AM,05.90,126.97,020,2.7,130 km S 50° E of Governor Generoso (Davao Oriental)
554,04 May 2018 - 05:35 AM,09.45,125.59,015,3.0,002 km S 47° E of Kitcharao (Agusan Del Norte)
555,04 May 2018 - 05:23 AM,13.84,124.01,008,3.0,012 km N 38° E of Caramoan (Camarines Surl)
556,04 May 2018 - 02:59 AM,06.14,125.75,148,2.9,024 km N 62° E of Jose Abad Santos (Davao Occidental)
557,04 May 2018 - 12:46 AM,11.03,124.73,006,2.3,014 km N 19° E of Albuera (Leyte)
558,03 May 2018 - 10:38 PM,07.90,127.42,001,3.0,101 km N 69° E of Baganga (Davao Oriental)
559,03 May 2018 - 08:39 PM,17.02,120.73,026,2.3,004 km N 15° W of Cervantes (Ilocos Sur)
560,03 May 2018 - 04:20 PM,05.96,124.12,570,3.7,030 km S 17° W of Palimbang (Sultan Kudarat)
561,03 May 2018 - 03:18 AM,11.58,124.21,013,2.8,019 km S 75° W of Almeria (Biliran)
562,03 May 2018 - 03:12 AM,09.49,124.94,027,2.7,036 km N 44° E of Mambajao (Camiguin)
563,03 May 2018 - 02:08 AM,06.08,126.55,075,2.9,082 km S 40° E of Governor Generoso (Davao Oriental)
564,03 May 2018 - 01:11 AM,11.95,124.06,001,2.7,007 km N 31° E of Pio V. Corpuz (Limbuhan) (Masbate)
565,03 May 2018 - 12:01 AM,10.65,126.60,028,2.7,091 km N 40° E of Burgos (Surigao Del Norte)
566,02 May 2018 - 09:21 PM,09.93,126.28,013,3.7,021 km N 41° E of General Luna (Surigao Del Norte)
567,02 May 2018 - 07:38 PM,09.90,124.72,020,2.2,029 km S 27° W of Maasin (Southern Leyte)
568,02 May 2018 - 07:12 PM,04.30,126.23,001,3.3,150 km S 34° E of Sarangani (Davao Occidental)
569,02 May 2018 - 03:56 PM,09.84,124.83,010,2.1,028 km S 72° W of Limasawa (Southern Leyte)
570,02 May 2018 - 01:26 PM,07.64,127.11,001,3.1,061 km N 84° E of Baganga (Davao Oriental)
571,02 May 2018 - 11:34 AM,11.65,125.85,025,2.8,045 km S 75° E of San Julian (Eastern Samar)
572,02 May 2018 - 11:11 AM,06.71,126.53,012,2.5,039 km S 14° E of Tarragona (Davao Oriental)
573,02 May 2018 - 09:48 AM,06.14,126.48,108,2.2,072 km S 38° E of Governor Generoso (Davao Oriental)
574,02 May 2018 - 07:28 AM,08.79,126.70,031,2.5,022 km S 89° E of Marihatag (Surigao Del Sur)
575,02 May 2018 - 07:09 AM,16.81,120.64,027,2.2,014 km S 50° E of Alilem (Ilocos Sur)
576,02 May 2018 - 02:26 AM,03.96,124.71,364,3.0,184 km S 28° W of Sarangani (Davao Occidental)
577,02 May 2018 - 02:16 AM,18.54,120.99,018,3.1,005 km S 62° E of Santa Praxedes (Cagayan)
578,02 May 2018 - 01:47 AM,05.09,127.11,014,2.6,184 km S 63° E of Jose Abad Santos (Davao Occidental)
579,02 May 2018 - 01:29 AM,06.15,124.69,026,1.7,009 km S 02° E of T'boli (South Cotabato)
580,01 May 2018 - 10:23 PM,09.26,126.91,001,2.6,076 km N 65° E of Bayabas (Surigao Del Sur)
581,01 May 2018 - 10:22 PM,16.77,119.85,030,2.5,042 km N 05° W of Bolinao (Pangasinan)
582,01 May 2018 - 09:32 PM,06.48,126.85,180,3.3,077 km S 36° E of Tarragona (Davao Oriental)
583,01 May 2018 - 09:27 PM,09.73,123.94,033,2.0,005 km S 43° W of Balilihan (Bohol)
584,01 May 2018 - 08:25 PM,10.16,122.36,003,2.1,035 km N 55° W of Cauayan (Negros Occidental)
585,01 May 2018 - 07:51 PM,10.26,122.25,003,3.6,052 km N 53° W of Cauayan (Negros Occidental)
586,01 May 2018 - 05:59 PM,13.05,124.27,033,1.7,008 km S 83° E of Prieto Diaz (Sorsogon)
587,01 May 2018 - 08:33 AM,09.95,124.25,033,2.2,004 km N 89° E of Danao (Bohol)
588,01 May 2018 - 05:02 AM,06.96,125.70,028,2.9,13 km S 05° W of Samal (Island Garden City of Samal (Davao Del Norte)
589,01 May 2018 - 04:45 AM,04.77,124.99,023,2.7,091 km S 36° W of Sarangani (Davao Occidental)
590,01 May 2018 - 04:23 AM,10.12,122.17,001,2.9,043 km S 39° E of Anini-y (Antique)
591,01 May 2018 - 04:16 AM,10.21,122.24,001,2.5,050 km N 58° W of Cauayan (Negros Occidental)
592,01 May 2018 - 03:56 AM,10.19,122.41,001,2.3,033 km N 45° W of Cauayan (Negros Occidental)
593,01 May 2018 - 03:52 AM,10.09,122.18,003,2.6,044 km N 34° W of Sipalay (Negros Occidental)
594,01 May 2018 - 03:41 AM,13.73,120.55,065,2.2,015 km S 40° W of Calatagan (Batangas)
595,01 May 2018 - 02:15 AM,05.05,127.18,120,3.6,194 km S 77° E of Sarangani (Davao Occidentall)
596,01 May 2018 - 12:20 AM,09.97,122.26,024,2.4,041 km N 64° W of Candoni (Negros Occidental)
597,01 May 2018 - 12:19 AM,10.17,122.40,004,2.2,032 km N ° W of Cauayan (Negros Occidental)
